episode,avg_return,success_proxy,delay_proxy,energy_proxy,edges,KL,m,rho_bar,deltaE_size,rejects,loss_pi,loss_v_mse,loss_v_rmse,value_clip_frac,ret_mean,ret_std,lr
1,-18.641391,0.010626,0.380540,0.782123,144,0.003333,10,1.000000,1152,1396,-0.037513,0.855522,1.021961,0.074219,-302.757141,56.420258,0.000300
2,-17.729914,0.011172,0.257161,0.887873,168,0.000757,10,1.000000,1308,1223,-0.029082,10.677196,3.758344,0.910156,-507.731750,91.495514,0.000300
3,-17.974993,0.013952,0.255594,0.855061,152,0.003576,10,1.000000,1354,1194,-0.029476,6.874333,2.781498,0.855469,-539.184021,98.510117,0.000300
4,-18.076379,0.013387,0.260081,0.917025,189,0.006553,10,1.000000,1313,1239,-0.026866,5.425588,2.428636,0.828125,-614.373047,111.135063,0.000300
5,-17.918517,0.011079,0.229626,0.926321,156,0.001460,10,1.000000,1359,1190,-0.025297,4.488977,2.214945,0.703125,-681.835754,122.580292,0.000300
6,-17.185228,0.016765,0.149386,0.983305,293,0.000902,10,1.000000,1579,964,-0.018778,3.687050,2.022000,0.347656,-725.324524,130.741089,0.000300
7,-8.344459,0.111438,0.056016,0.985678,618,0.009061,10,1.000000,1800,750,-0.028444,1.399851,1.393887,0.085938,-617.236084,126.253471,0.000300
8,-6.886071,0.146487,0.048297,0.988813,905,0.001541,10,1.000000,1892,662,-0.007036,0.983782,1.101945,0.050781,-591.598328,103.217514,0.000300
9,-10.428864,0.091562,0.032148,0.988713,1169,0.010485,10,1.000000,2012,545,-0.009624,1.062021,1.155686,0.066406,-588.374756,120.341461,0.000300
10,-7.616458,0.130742,0.024519,0.985070,1255,0.012273,10,1.000000,1962,597,-0.000709,0.847280,1.050569,0.062500,-589.716553,108.960144,0.000300
11,-9.356329,0.115768,0.015571,0.978318,1429,0.013562,10,1.000000,1877,681,0.009437,0.843567,1.025157,0.046875,-603.246582,108.251503,0.000300
12,-9.010773,0.121303,0.017375,0.980328,1415,0.012283,10,1.000000,1866,693,0.014354,0.923564,1.124858,0.066406,-621.416870,108.349411,0.000300
13,-9.564203,0.110694,0.016464,0.981747,1535,0.013822,10,1.000000,1825,734,0.012509,1.128109,1.244124,0.070312,-662.112610,123.010132,0.000300
14,-8.982933,0.120179,0.015191,0.980928,1592,0.013605,10,1.000000,1826,733,0.028409,0.822943,1.073078,0.050781,-670.263611,108.020210,0.000300
15,-10.930785,0.099237,0.014796,0.980219,1629,0.016897,10,1.000000,1796,764,0.019490,1.428405,1.316863,0.074219,-691.349243,129.563217,0.000300
16,-9.126766,0.125668,0.015787,0.989839,1735,0.017389,10,1.000000,1813,747,0.032751,0.871227,1.090636,0.058594,-660.322754,116.701462,0.000300
17,-9.506096,0.112106,0.014137,0.987714,1684,0.016818,10,1.000000,1783,777,0.029603,0.839715,1.058758,0.058594,-661.639771,114.729301,0.000300
18,-8.882976,0.136274,0.013208,0.986782,1670,0.014715,10,1.000000,1733,827,0.035920,0.748479,0.937398,0.042969,-679.052185,114.952805,0.000300
19,-8.841887,0.134138,0.013165,0.981580,1687,0.015898,10,1.000000,1707,853,0.033513,0.492626,0.742606,0.035156,-632.825562,126.057220,0.000300
20,-9.181134,0.114579,0.015813,0.990374,1775,0.018208,10,1.000000,1791,769,0.035830,0.365996,0.609921,0.011719,-636.565063,134.393982,0.000300
21,-9.873654,0.103401,0.012426,0.989730,1683,0.016106,10,1.000000,1697,863,0.039553,0.424088,0.661112,0.015625,-667.361694,131.110229,0.000300
22,-9.781878,0.105933,0.011345,0.986887,1677,0.012718,10,1.000000,1713,847,0.032878,0.433933,0.658838,0.007812,-644.499023,162.241867,0.000300
23,-10.950663,0.098413,0.014710,0.989641,1763,0.015104,10,1.000000,1776,784,0.005907,0.570326,0.755203,0.003906,-635.815002,185.716324,0.000300
24,-10.173078,0.107354,0.017528,0.996241,1668,0.015010,10,1.000000,1726,834,0.016992,0.290533,0.539011,0.000000,-641.722595,165.002899,0.000300
25,-8.787560,0.130246,0.014058,0.985931,1824,0.019310,10,1.000000,1792,768,0.000964,0.332057,0.576278,0.003906,-558.973389,190.777695,0.000300
26,-8.772198,0.142802,0.010971,0.990201,1811,0.015110,10,1.000000,1777,783,0.000486,0.196465,0.443244,0.000000,-565.875183,190.607864,0.000300
27,-8.478909,0.132469,0.016998,0.992354,1629,0.015349,10,1.000000,1613,947,0.030908,0.262656,0.515475,0.011719,-605.778809,158.931427,0.000300
28,-8.546919,0.129252,0.011150,0.992416,1636,0.005071,10,1.000000,1678,882,0.025835,0.384206,0.621545,0.015625,-590.004333,159.793640,0.000300
29,-8.435607,0.119527,0.009193,0.987247,1684,0.014226,10,1.000000,1666,894,0.014928,0.182943,0.427719,0.000000,-580.447449,177.891327,0.000300
30,-10.105296,0.101943,0.016705,0.988779,1717,0.014117,10,1.000000,1707,853,0.001126,0.884418,0.951497,0.027344,-583.182007,184.207626,0.000300
31,-9.108349,0.123114,0.013434,0.987262,1682,0.011011,10,1.000000,1679,881,0.032275,0.219706,0.469598,0.011719,-632.601685,147.459045,0.000300
32,-9.636950,0.105239,0.008230,0.987263,1658,0.009578,10,1.000000,1664,896,0.035273,0.379895,0.624792,0.027344,-680.809875,146.386490,0.000300
33,-8.774302,0.133702,0.011046,0.989465,1765,0.008134,10,1.000000,1750,810,0.006307,0.200082,0.447306,0.000000,-609.610962,191.976944,0.000300
34,-8.987078,0.124755,0.013063,0.985747,1689,0.008094,10,1.000000,1703,857,0.023444,0.210918,0.459258,0.000000,-660.879761,149.642715,0.000300
35,-8.938017,0.135450,0.013310,0.980578,1805,0.009566,10,1.000000,1783,777,0.020277,0.201451,0.448881,0.003906,-640.274597,153.155914,0.000300
36,-8.759006,0.119317,0.009016,0.991608,1763,0.013510,10,1.000000,1734,826,0.003961,0.325590,0.572067,0.011719,-618.674988,191.613907,0.000300
37,-9.351696,0.129910,0.017485,0.987795,1744,0.012099,10,1.000000,1714,846,0.001825,0.233665,0.483792,0.007812,-614.800598,189.941544,0.000300
38,-9.662219,0.126500,0.016116,0.993040,1815,0.008325,10,1.000000,1765,795,0.003336,0.160614,0.401123,0.007812,-577.112183,179.847198,0.000300
39,-8.948379,0.125048,0.011374,0.992000,1671,0.011301,10,1.000000,1708,852,0.019826,0.448515,0.678732,0.019531,-610.838257,165.903748,0.000300
40,-9.827295,0.111198,0.013016,0.989573,1660,0.010320,10,1.000000,1657,888,0.011730,0.475561,0.695952,0.023576,-614.589783,178.957489,0.000300
41,-9.781592,0.103786,0.012454,0.989053,1698,0.008197,10,1.000000,1664,896,0.025359,0.371314,0.609443,0.003906,-631.686157,185.325653,0.000300
42,-8.711081,0.132389,0.015917,0.986591,1748,0.007237,10,1.000000,1730,830,0.007061,0.284961,0.533817,0.000000,-600.769409,192.624435,0.000300
43,-8.417545,0.132675,0.012892,0.985664,1743,0.005865,10,1.000000,1710,850,0.007648,0.287277,0.535983,0.000000,-608.912170,185.950928,0.000300
44,-9.807879,0.101651,0.009701,0.983646,1709,0.011288,10,1.000000,1691,869,0.005181,0.251984,0.503896,0.019531,-625.068054,181.411331,0.000300
45,-9.787930,0.112171,0.009111,0.986021,1678,0.004390,10,1.000000,1657,903,0.017170,0.474923,0.696636,0.023438,-645.187378,173.245987,0.000300
46,-8.320665,0.132354,0.015077,0.986383,1616,0.005939,10,1.000000,1633,927,0.037296,1.859571,1.408184,0.230469,-627.381042,173.067245,0.000300
47,-10.573517,0.102482,0.015516,0.993905,1773,0.009451,10,1.000000,1763,797,0.001118,1.884504,1.396958,0.242188,-604.967102,207.383133,0.000300
48,-8.795941,0.117257,0.008620,0.991195,1724,0.008194,10,1.000000,1686,874,0.028870,2.117269,1.515122,0.253906,-646.268066,171.695190,0.000300
49,-11.125735,0.090552,0.011071,0.989553,1706,0.006278,10,1.000000,1679,881,0.018246,1.799103,1.430113,0.160156,-669.133484,190.822403,0.000300
50,-8.854444,0.139058,0.012804,0.987111,1725,0.011938,10,1.000000,1680,880,0.048993,1.716913,1.346395,0.230469,-668.984802,150.182236,0.000300
51,-8.768095,0.117561,0.013363,0.984802,1668,0.008860,10,1.000000,1660,900,0.045776,0.162347,0.403490,0.007812,-651.434265,163.973572,0.000300
52,-9.163505,0.138765,0.016491,0.984884,1811,0.006360,10,1.000000,1763,797,0.038521,0.113631,0.337241,0.003906,-646.615845,175.152267,0.000300
53,-9.967725,0.109950,0.014451,0.988879,1728,0.006974,10,1.000000,1698,862,0.020283,0.848079,0.922430,0.031250,-677.797729,181.129761,0.000300
54,-8.961979,0.128092,0.013999,0.991489,1709,0.007954,10,1.000000,1671,889,0.026218,0.802192,0.910468,0.082031,-693.967896,150.064636,0.000300
55,-10.161972,0.115511,0.010567,0.988813,1733,0.003337,10,1.000000,1721,839,0.004280,0.996702,0.999417,0.050781,-640.238281,216.245911,0.000300
56,-10.293414,0.118536,0.012446,0.987441,1752,0.007854,10,1.000000,1700,860,-0.003515,0.269802,0.519425,0.000000,-612.328430,208.838303,0.000300
57,-9.036566,0.123558,0.009954,0.986588,1733,0.005718,10,1.000000,1712,848,0.016549,0.217869,0.472817,0.015625,-625.499512,166.759705,0.000300
58,-9.909479,0.122565,0.013436,0.991685,1660,0.007166,10,1.000000,1674,879,0.029535,0.304249,0.554134,0.011751,-652.606995,148.583115,0.000300
59,-9.372563,0.149991,0.017594,0.983864,1760,0.006809,10,1.000000,1756,804,0.012449,0.706781,0.849535,0.042969,-650.617371,187.974365,0.000300
60,-10.410536,0.102827,0.011025,0.993512,1787,0.005415,10,1.000000,1765,795,0.036246,0.628993,0.825414,0.035156,-710.198547,171.999146,0.000300
61,-8.669588,0.125347,0.014823,0.992936,1589,0.004016,10,1.000000,1615,945,0.042490,2.402781,1.675016,0.242188,-729.383423,133.660370,0.000300
62,-9.727940,0.116638,0.011340,0.989938,1682,0.007599,10,1.000000,1683,877,0.003566,0.763918,0.876158,0.074219,-589.031921,209.437424,0.000300
63,-9.809313,0.112067,0.012364,0.987693,1702,0.005382,10,1.000000,1678,882,0.029132,0.411474,0.650887,0.023438,-661.097717,190.725952,0.000300
64,-8.906737,0.120125,0.012010,0.993955,1739,0.004431,10,1.000000,1681,879,0.013096,0.451818,0.673523,0.015625,-622.812317,191.332062,0.000300
65,-8.869351,0.124840,0.013145,0.989358,1724,0.006299,10,1.000000,1685,875,0.041090,0.153576,0.393813,0.011719,-675.951904,161.965271,0.000300
66,-8.623064,0.130146,0.011250,0.991278,1768,0.003910,10,1.000000,1737,823,0.044289,0.148844,0.385803,0.000000,-648.011780,185.296021,0.000300
67,-8.931627,0.120939,0.013234,0.982149,1671,0.006450,10,1.000000,1649,911,0.016112,0.276920,0.527368,0.011719,-687.651550,175.696136,0.000300
68,-9.254252,0.129744,0.012234,0.989599,1788,0.005871,10,1.000000,1765,795,0.000238,0.220935,0.470037,0.000000,-654.237915,205.968826,0.000300
69,-9.451670,0.106166,0.007334,0.984017,1715,0.006730,10,1.000000,1729,826,0.022971,0.279144,0.529533,0.019569,-690.724121,175.170563,0.000300
70,-9.761919,0.104119,0.018087,0.987334,1676,0.007091,10,1.000000,1670,890,0.047838,0.352005,0.618974,0.027344,-701.171753,164.995590,0.000300
71,-9.122157,0.101595,0.014207,0.986992,1655,0.005709,10,1.000000,1631,929,0.038692,0.368761,0.624719,0.027344,-703.529907,164.916840,0.000300
72,-9.414000,0.121864,0.013798,0.986545,1725,0.004865,10,1.000000,1731,816,0.027551,0.093595,0.305933,0.000000,-682.774109,191.942719,0.000300
73,-10.130697,0.111269,0.015619,0.989006,1709,0.004971,10,1.000000,1686,874,0.020645,0.440134,0.669175,0.015625,-731.113281,174.386108,0.000300
74,-10.655095,0.109359,0.010114,0.990858,1699,0.009917,10,1.000000,1691,869,0.000585,0.395179,0.628633,0.000000,-723.241638,205.228622,0.000300
75,-9.130387,0.116724,0.014309,0.989534,1696,0.002276,10,1.000000,1710,850,0.021129,0.426745,0.662296,0.046875,-716.319580,176.115875,0.000300
76,-9.731200,0.119205,0.015764,0.988715,1797,0.005806,10,1.000000,1731,826,-0.009558,0.278942,0.528149,0.000000,-670.115967,215.069031,0.000300
77,-9.486864,0.109062,0.014710,0.986900,1667,0.005174,10,1.000000,1632,928,0.026038,0.545979,0.738904,0.000000,-688.300476,194.537430,0.000300
78,-8.730918,0.124810,0.015722,0.989320,1704,0.005560,10,1.000000,1677,883,0.035447,0.228564,0.482932,0.015625,-674.480652,180.641525,0.000300
79,-9.176572,0.122732,0.009945,0.990737,1689,0.004456,10,1.000000,1648,912,0.022528,0.235913,0.487176,0.011719,-671.299500,180.510986,0.000300
80,-10.764160,0.098846,0.014866,0.987356,1697,0.004316,10,1.000000,1696,861,0.024239,0.193906,0.440347,0.000000,-685.604004,197.556122,0.000300
81,-9.031430,0.117910,0.009244,0.992327,1738,0.004306,10,1.000000,1704,856,0.010925,0.101339,0.318337,0.000000,-645.191284,198.735931,0.000300
82,-9.704862,0.112892,0.015678,0.993748,1716,0.003894,10,1.000000,1668,892,0.010710,0.165090,0.406466,0.003906,-653.372620,204.227020,0.000300
83,-10.081900,0.098986,0.009107,0.995334,1693,0.003091,10,1.000000,1693,866,0.031993,0.153497,0.392014,0.007812,-676.413269,189.156754,0.000300
84,-9.113686,0.119829,0.017156,0.982340,1668,0.002904,10,1.000000,1646,914,0.019749,0.203911,0.451566,0.000000,-673.071838,189.566330,0.000300
85,-8.737899,0.128414,0.013255,0.991602,1657,0.003784,10,1.000000,1645,906,0.046254,0.239752,0.489957,0.003920,-699.567993,168.982239,0.000300
86,-8.411064,0.139883,0.014632,0.988228,1701,0.004767,10,1.000000,1721,839,0.002302,0.081772,0.285957,0.000000,-635.557739,199.862213,0.000300
87,-10.661818,0.106906,0.012406,0.989406,1730,0.003856,10,1.000000,1688,872,0.003686,0.372268,0.610138,0.000000,-654.826965,237.180420,0.000300
88,-9.267161,0.121605,0.014503,0.989064,1737,0.003378,10,1.000000,1705,855,0.004336,0.108064,0.328731,0.000000,-634.422180,209.442032,0.000300
89,-9.878550,0.106114,0.011375,0.982633,1688,0.005374,10,1.000000,1675,885,0.032352,0.145062,0.380870,0.000000,-667.397339,199.214737,0.000300
90,-11.259974,0.101950,0.015866,0.991323,1719,0.004337,10,1.000000,1722,828,-0.033387,0.469214,0.697085,0.035294,-684.188782,207.841064,0.000300
91,-8.191557,0.148809,0.011302,0.984135,1702,0.005255,10,1.000000,1666,891,0.005399,0.201948,0.449506,0.003911,-656.065308,183.061935,0.000300
92,-8.842067,0.128692,0.012940,0.990668,1709,0.003644,10,1.000000,1680,880,0.027896,0.213364,0.461913,0.000000,-659.674683,191.988297,0.000300
93,-9.063035,0.142356,0.014563,0.988824,1694,0.006181,10,1.000000,1614,768,-0.001202,0.328113,0.572812,0.000000,-616.055847,227.643143,0.000300
94,-8.710151,0.137030,0.011271,0.988682,1770,0.005512,10,1.000000,1703,857,0.000262,0.283188,0.532154,0.000000,-617.407776,213.542542,0.000300
95,-9.883018,0.119897,0.015928,0.989356,1702,0.001869,10,1.000000,1680,880,0.002022,0.187791,0.433348,0.000000,-635.301575,226.151001,0.000300
96,-10.394436,0.108419,0.012085,0.989184,1745,0.004088,10,1.000000,1688,872,-0.001264,1.120695,1.078718,0.109375,-625.570923,205.901443,0.000300
97,-10.053226,0.118749,0.016166,0.993220,1649,0.005063,10,1.000000,1661,898,0.037282,0.427738,0.666071,0.023447,-705.489929,156.711304,0.000300
98,-9.565371,0.116110,0.013366,0.990608,1777,0.002012,10,1.000000,1743,817,0.037014,0.455443,0.674865,0.000000,-695.882019,170.991165,0.000300
99,-9.306514,0.109870,0.019405,0.990455,1697,0.004613,10,1.000000,1688,872,0.043271,0.233528,0.483248,0.000000,-667.206238,191.077148,0.000300
100,-10.261795,0.104653,0.010455,0.982971,1729,0.004038,10,1.000000,1708,852,0.016474,0.666408,0.816420,0.023438,-695.317078,199.427231,0.000300
101,-8.610977,0.129118,0.008508,0.985567,1713,0.004032,10,1.000000,1700,860,-0.000394,0.140134,0.374344,0.000000,-633.556641,222.669327,0.000300
102,-9.016357,0.139526,0.014093,0.988848,1755,0.003420,10,1.000000,1727,833,-0.001446,0.896100,0.959861,0.031250,-649.071655,185.391113,0.000300
103,-9.716548,0.118748,0.015101,0.995351,1735,0.005051,10,1.000000,1729,831,0.037399,1.166746,1.081140,0.085938,-694.449036,188.918289,0.000300
104,-8.437321,0.125888,0.015587,0.995122,1705,0.003851,10,1.000000,1673,843,0.000410,0.112374,0.335222,0.000000,-644.308899,200.104584,0.000300
105,-9.742732,0.112160,0.005626,0.989805,1691,0.006137,10,1.000000,1653,907,0.013012,0.244579,0.498701,0.023438,-646.493958,192.527786,0.000300
106,-8.760942,0.130583,0.015582,0.990685,1747,0.004859,10,1.000000,1696,864,0.018275,0.245547,0.499601,0.019531,-635.026978,170.118546,0.000300
107,-10.333578,0.107907,0.012646,0.990358,1727,0.003221,10,1.000000,1698,862,0.011335,0.207887,0.460645,0.015625,-642.486267,176.495270,0.000300
108,-9.610329,0.107812,0.008635,0.990110,1678,0.005080,10,1.000000,1670,865,0.037207,0.330050,0.593143,0.027613,-658.483643,167.295761,0.000300
109,-8.607531,0.115001,0.009186,0.988366,1607,0.002868,10,1.000000,1622,930,0.037167,1.915904,1.455152,0.213950,-659.236877,159.503159,0.000300
110,-9.029249,0.126482,0.018439,0.993334,1721,0.000901,10,1.000000,1689,871,0.003951,0.281149,0.530235,0.000000,-562.201355,217.211838,0.000300
111,-9.968322,0.106699,0.015247,0.987786,1620,0.003674,10,1.000000,1574,986,0.001691,0.330503,0.575021,0.007812,-614.182190,204.138611,0.000300
112,-9.513278,0.119025,0.012988,0.990203,1769,0.003273,10,1.000000,1741,819,0.006008,0.174008,0.417143,0.000000,-611.556152,199.617294,0.000300
113,-9.236320,0.113211,0.016025,0.989527,1664,0.002710,10,1.000000,1660,900,0.026823,0.347859,0.591746,0.015625,-638.149658,185.450302,0.000300
114,-9.453830,0.113116,0.011101,0.978545,1728,0.003816,10,1.000000,1664,896,0.034677,0.349328,0.596341,0.019531,-656.878540,181.557266,0.000300
115,-8.867332,0.126534,0.013681,0.984570,1767,0.003774,10,1.000000,1752,808,0.033473,0.131436,0.362541,0.000000,-669.694458,179.766068,0.000300
116,-9.618853,0.126546,0.014465,0.987466,1762,0.000834,10,1.000000,1730,830,0.028060,0.411556,0.642151,0.003906,-680.925049,173.024918,0.000300
117,-9.802232,0.126726,0.017777,0.988130,1729,0.004588,10,1.000000,1665,895,0.038521,2.276497,1.653533,0.210938,-702.957825,182.213333,0.000300
118,-8.738962,0.136155,0.011737,0.993330,1806,0.003522,10,1.000000,1770,790,-0.001449,1.178787,1.099214,0.128906,-579.938110,242.454803,0.000300
119,-9.270619,0.105962,0.011734,0.981763,1644,0.002550,10,1.000000,1639,921,0.001742,1.621154,1.331987,0.183594,-681.372986,196.349289,0.000300
120,-9.727413,0.116638,0.016856,0.990250,1652,0.004482,10,1.000000,1666,894,-0.001392,0.241895,0.491828,0.000000,-644.753296,242.585342,0.000300
121,-8.374386,0.136036,0.014616,0.989584,1662,0.004570,10,1.000000,1652,894,-0.005112,0.114244,0.338000,0.000000,-641.116150,207.639923,0.000300
122,-10.016130,0.106797,0.010826,0.989944,1686,0.001846,10,1.000000,1639,921,0.015669,0.601513,0.789001,0.035156,-654.604309,198.241882,0.000300
123,-8.761796,0.139974,0.016842,0.988366,1836,0.005011,10,1.000000,1760,800,0.023116,0.179668,0.425337,0.015625,-629.528809,191.701843,0.000300
124,-9.320546,0.117843,0.018013,0.992535,1728,0.005554,10,1.000000,1727,833,0.041250,0.669581,0.818279,0.000000,-654.397278,183.154327,0.000300
125,-9.529670,0.124839,0.013029,0.986760,1704,0.004240,10,1.000000,1678,882,0.007513,0.575264,0.770647,0.031250,-646.163208,171.162460,0.000300
126,-10.991221,0.092119,0.016417,0.991212,1671,0.005479,10,1.000000,1629,931,0.018166,0.477884,0.713752,0.035156,-694.885376,164.596252,0.000300
127,-9.328669,0.108449,0.008093,0.984880,1683,0.004614,10,1.000000,1672,888,0.038990,0.661501,0.813359,0.015625,-672.090149,180.157028,0.000300
128,-9.992256,0.094157,0.010954,0.986175,1600,0.004892,10,1.000000,1589,971,0.033632,0.575637,0.758888,0.015625,-706.562500,179.600037,0.000300
129,-8.773386,0.132989,0.019066,0.989070,1732,0.004001,10,1.000000,1689,871,0.000925,0.200674,0.447967,0.000000,-590.736755,238.723526,0.000300
130,-8.593623,0.137140,0.009678,0.986867,1821,0.003783,10,1.000000,1758,802,-0.001901,0.096168,0.310109,0.000000,-582.676697,233.648453,0.000300
131,-9.720776,0.122842,0.013436,0.986252,1749,0.003427,10,1.000000,1695,865,0.000528,0.484131,0.704726,0.019531,-609.983521,183.350433,0.000300
132,-10.390570,0.109377,0.013639,0.991241,1705,0.004491,10,1.000000,1685,875,0.037933,0.532742,0.806176,0.042969,-677.716919,145.711838,0.000300
133,-8.821028,0.129601,0.009527,0.991239,1651,0.003012,10,1.000000,1643,917,0.039788,0.533223,0.785696,0.042969,-671.662903,139.659225,0.000300
134,-11.045627,0.095080,0.010854,0.987820,1730,0.004201,10,1.000000,1701,859,0.029693,0.686091,0.917512,0.054688,-698.720764,158.335968,0.000300
135,-8.831633,0.134092,0.013509,0.988143,1683,0.005748,10,1.000000,1643,917,0.041465,0.385313,0.629338,0.015625,-704.162720,154.516434,0.000300
136,-11.062319,0.096678,0.019164,0.993954,1700,0.005935,10,1.000000,1668,892,0.031701,0.440949,0.672171,0.015625,-720.505066,166.565018,0.000300
137,-8.990215,0.139902,0.010373,0.984913,1812,0.000764,10,1.000000,1764,796,0.038172,0.295844,0.543916,0.000000,-681.311707,174.176514,0.000300
138,-10.678007,0.097647,0.012472,0.990868,1713,0.003990,10,1.000000,1670,890,0.043562,0.264826,0.514613,0.000000,-731.520447,160.764099,0.000300
139,-10.547975,0.100476,0.012584,0.994890,1735,0.003162,10,1.000000,1711,849,0.040086,0.298764,0.547876,0.011719,-735.990356,188.095139,0.000300
140,-9.284707,0.125768,0.017442,0.981376,1657,0.005006,10,1.000000,1637,923,0.017447,0.563671,0.753325,0.035156,-749.108398,164.529175,0.000300
141,-8.668546,0.143118,0.009142,0.991335,1815,0.003242,10,1.000000,1784,776,-0.000540,0.180674,0.425058,0.000000,-607.081238,243.689087,0.000300
142,-9.033201,0.118238,0.009387,0.989126,1697,0.003567,10,1.000000,1675,885,0.000870,0.213240,0.461988,0.007812,-645.527954,223.481522,0.000300
143,-9.338961,0.116180,0.009149,0.992565,1671,0.002926,10,1.000000,1658,902,0.027437,0.214000,0.463982,0.011719,-655.766541,201.877213,0.000300
144,-9.259476,0.125268,0.011494,0.987707,1628,0.000678,10,1.000000,1597,963,0.024733,0.315054,0.565977,0.015625,-644.575867,198.559235,0.000300
145,-9.256640,0.116091,0.013566,0.987144,1761,0.004868,10,1.000000,1717,843,0.032594,0.212342,0.466774,0.019531,-656.186218,181.953674,0.000300
146,-10.554034,0.115961,0.016022,0.992000,1784,0.002118,10,1.000000,1726,834,0.003939,0.254166,0.504383,0.007812,-641.606812,180.864563,0.000300
147,-8.396694,0.141341,0.010287,0.988484,1763,0.000929,10,1.000000,1743,817,0.050823,0.259041,0.522856,0.027344,-665.070190,168.946609,0.000300
148,-8.702843,0.128369,0.013572,0.990270,1708,0.002247,10,1.000000,1696,864,0.044609,1.527650,1.248631,0.203125,-659.297485,176.462265,0.000300
149,-9.658339,0.117633,0.012341,0.987584,1742,0.003787,10,1.000000,1736,824,0.001328,0.136528,0.369498,0.000000,-593.951477,211.630386,0.000300
150,-8.799251,0.136615,0.015106,0.988923,1738,0.002505,10,1.000000,1698,861,-0.000042,0.230764,0.480379,0.000000,-595.369141,192.972824,0.000300
151,-8.874777,0.135008,0.015336,0.992609,1676,0.002681,10,1.000000,1631,929,0.030481,0.214581,0.466492,0.015625,-633.343872,171.068710,0.000300
152,-8.528828,0.132837,0.013145,0.991504,1678,0.004538,10,1.000000,1663,895,0.006468,0.220432,0.470953,0.011728,-603.952209,180.528732,0.000300
153,-9.578810,0.114330,0.012605,0.990920,1700,0.004198,10,1.000000,1666,894,0.047951,0.261330,0.526388,0.023438,-654.064636,160.707779,0.000300
154,-9.174269,0.140772,0.016282,0.989947,1786,0.002601,10,1.000000,1766,794,0.001467,0.196832,0.443658,0.000000,-595.979431,174.785385,0.000300
155,-9.423522,0.129340,0.010677,0.987074,1838,0.005132,10,1.000000,1796,764,0.027163,1.262768,1.234868,0.121094,-652.830444,167.139984,0.000300
156,-9.155799,0.120969,0.015484,0.989200,1671,0.002981,10,1.000000,1641,919,0.044130,0.893565,0.957237,0.019531,-708.815979,138.775497,0.000300
157,-9.077463,0.119158,0.011856,0.990300,1651,0.003032,10,1.000000,1710,834,0.019889,0.165576,0.407350,0.007075,-668.922485,165.580704,0.000300
158,-10.836153,0.099145,0.016241,0.991144,1697,0.002726,10,1.000000,1658,902,0.021381,0.286662,0.536016,0.007812,-701.632874,185.596909,0.000300
159,-9.237510,0.115992,0.017646,0.984766,1657,0.004383,10,1.000000,1658,902,0.024733,0.201220,0.450602,0.007812,-698.343628,171.252274,0.000300
160,-9.713054,0.124738,0.017733,0.988304,1736,0.004528,10,1.000000,1689,871,0.008625,0.232558,0.482243,0.000000,-676.560242,189.702469,0.000300
161,-10.169783,0.109595,0.015435,0.988958,1666,0.004976,10,1.000000,1689,871,0.002331,0.267982,0.517670,0.000000,-691.290466,212.952332,0.000300
162,-9.348707,0.120582,0.012684,0.992319,1789,0.002152,10,1.000000,1765,789,-0.016311,0.270456,0.520054,0.000000,-650.175964,212.944962,0.000300
163,-9.113884,0.132823,0.015586,0.988443,1780,0.002367,10,1.000000,1743,817,0.002158,0.111255,0.333549,0.000000,-641.294373,232.812729,0.000300
164,-8.611748,0.129745,0.013434,0.987251,1672,0.002135,10,1.000000,1671,889,0.036219,0.132825,0.364472,0.003906,-674.006348,205.304367,0.000300
165,-8.952332,0.128415,0.011573,0.993045,1751,0.002146,10,1.000000,1699,861,0.001829,0.206008,0.453882,0.000000,-647.729431,204.332367,0.000300
166,-9.049637,0.129780,0.017113,0.987775,1781,0.002392,10,1.000000,1758,802,0.000466,0.146134,0.382275,0.000000,-631.781738,205.538620,0.000300
167,-8.842176,0.131280,0.020811,0.991820,1712,0.003478,10,1.000000,1714,840,0.019314,0.166805,0.409378,0.007831,-641.882507,189.682388,0.000300
168,-9.385835,0.124405,0.011722,0.992169,1690,0.001363,10,1.000000,1676,884,0.001941,0.227111,0.476996,0.007812,-626.104126,181.323502,0.000300
169,-8.636741,0.130617,0.011503,0.983940,1704,0.002843,10,1.000000,1651,909,0.029523,0.172723,0.416700,0.007812,-648.405396,157.932175,0.000300
170,-9.532394,0.113220,0.010626,0.993744,1735,0.001744,10,1.000000,1710,850,0.016482,0.139657,0.373707,0.000000,-613.060425,194.231567,0.000300
171,-9.855305,0.104196,0.017991,0.989922,1763,0.003231,10,1.000000,1717,843,0.014029,0.122288,0.349698,0.000000,-634.247986,183.123932,0.000300
172,-10.356063,0.094071,0.013290,0.992801,1701,0.002865,10,1.000000,1677,883,0.016475,0.175561,0.419000,0.000000,-641.975464,200.055725,0.000300
173,-8.595882,0.131832,0.011244,0.994953,1790,0.003425,10,1.000000,1745,815,-0.007970,0.091354,0.302248,0.000000,-611.424866,194.845016,0.000300
174,-9.312211,0.122497,0.010458,0.986985,1697,0.003818,10,1.000000,1701,859,0.009992,0.147882,0.384554,0.000000,-647.697144,195.432220,0.000300
175,-9.430070,0.128052,0.013066,0.991673,1756,0.004052,10,1.000000,1699,861,-0.013023,0.182201,0.426850,0.000000,-634.121216,192.277161,0.000300
176,-9.551876,0.113375,0.015942,0.992521,1734,0.004090,10,1.000000,1693,867,0.001379,0.091611,0.302673,0.000000,-648.138428,206.427933,0.000300
177,-9.751558,0.119216,0.010395,0.984836,1699,0.002369,10,1.000000,1666,894,0.007903,0.192336,0.438561,0.000000,-663.723206,206.286285,0.000300
178,-9.957683,0.111429,0.010698,0.988153,1723,0.001057,10,1.000000,1668,892,0.010720,0.096445,0.310556,0.000000,-677.937866,195.974701,0.000300
179,-9.932967,0.099080,0.006398,0.987164,1749,0.000588,10,1.000000,1738,822,0.000970,0.125988,0.354948,0.000000,-670.273865,212.647705,0.000300
180,-9.186859,0.141319,0.016785,0.991566,1782,0.002932,10,1.000000,1732,828,0.000418,0.215803,0.464546,0.000000,-645.507507,205.313736,0.000300
181,-9.181390,0.121622,0.012104,0.989569,1642,0.001702,10,1.000000,1641,919,0.009910,0.198545,0.445584,0.000000,-709.223633,182.894791,0.000300
182,-11.629596,0.084472,0.017651,0.989717,1651,0.001162,10,1.000000,1621,939,0.001407,0.317400,0.563383,0.000000,-716.491760,205.477859,0.000300
183,-9.991382,0.116155,0.012556,0.990133,1680,0.002375,10,1.000000,1648,912,-0.005445,0.195757,0.442445,0.000000,-644.922852,232.727951,0.000300
184,-9.316011,0.109308,0.011215,0.993196,1695,0.000400,10,1.000000,1653,907,0.008599,0.338875,0.582129,0.000000,-680.027344,213.488525,0.000300
185,-9.110687,0.126068,0.012639,0.990667,1765,0.000978,10,1.000000,1717,843,0.013890,0.176609,0.420249,0.000000,-696.780151,194.994354,0.000300
186,-8.691577,0.133706,0.011166,0.989618,1709,0.003369,10,1.000000,1704,854,0.043766,1.288188,1.175520,0.160281,-723.531677,161.382492,0.000300
187,-10.016515,0.114832,0.011398,0.984568,1665,0.003808,10,1.000000,1660,900,0.006141,0.648419,0.809015,0.046875,-730.900574,197.737335,0.000300
188,-10.083871,0.127258,0.014593,0.981475,1770,0.002998,10,1.000000,1760,799,-0.000384,0.638384,0.799456,0.019531,-656.358887,246.786621,0.000300
189,-9.174010,0.122813,0.007867,0.992138,1726,0.002973,10,1.000000,1699,861,-0.002925,1.731208,1.356781,0.230469,-666.384155,225.045914,0.000300
190,-9.683614,0.117639,0.013337,0.989036,1767,0.002431,10,1.000000,1770,790,0.001040,0.484044,0.695733,0.000000,-618.049133,244.809647,0.000300
191,-9.252187,0.112072,0.015187,0.990235,1708,0.002736,10,1.000000,1680,880,-0.001905,0.717178,0.847281,0.031250,-653.273132,232.748978,0.000300
192,-9.307016,0.121694,0.012508,0.982569,1726,0.002282,10,1.000000,1726,834,-0.001976,0.700177,0.836787,0.007812,-618.118042,226.380630,0.000300
193,-10.142749,0.122581,0.013529,0.990927,1810,0.004108,10,1.000000,1777,783,-0.001739,0.419576,0.650275,0.015625,-647.971130,211.497131,0.000300
194,-8.172210,0.136795,0.011575,0.979411,1790,0.001834,10,1.000000,1759,801,0.048791,0.409941,0.642042,0.011719,-683.997192,172.441925,0.000300
195,-9.563057,0.102986,0.009278,0.988831,1699,0.002824,10,1.000000,1669,891,0.040308,0.296047,0.560158,0.023438,-697.559875,171.239151,0.000300
196,-9.846231,0.105995,0.014450,0.992206,1755,0.003295,10,1.000000,1706,854,0.032688,0.307081,0.554149,0.000000,-694.291687,182.577332,0.000300
197,-8.507643,0.134042,0.011913,0.988148,1702,0.000214,10,1.000000,1659,901,0.031599,0.110534,0.332467,0.000000,-682.262939,196.501862,0.000300
198,-9.876808,0.113837,0.013674,0.982776,1660,0.001679,10,1.000000,1620,940,0.016342,0.199065,0.446167,0.000000,-691.715454,194.577469,0.000300
199,-8.968446,0.129555,0.019265,0.991197,1763,0.002717,10,1.000000,1724,836,-0.000223,0.268556,0.518224,0.000000,-620.758484,226.358658,0.000300
200,-9.376039,0.118302,0.012459,0.991138,1742,0.004130,10,1.000000,1704,856,-0.000103,0.101459,0.318527,0.000000,-625.898376,229.403534,0.000300
201,-8.725077,0.113181,0.008466,0.992570,1644,0.002847,10,1.000000,1624,936,0.027053,0.120399,0.347625,0.007812,-655.315796,195.656174,0.000300
202,-9.419675,0.114371,0.010624,0.992280,1706,0.003972,10,1.000000,1676,884,0.008091,0.180006,0.424271,0.000000,-646.741028,188.993225,0.000300
203,-9.352757,0.131416,0.013756,0.994246,1703,0.002471,10,1.000000,1655,905,0.011637,0.196147,0.442885,0.003906,-641.499390,184.249237,0.000300
204,-8.962424,0.125850,0.009360,0.988822,1667,0.003441,10,1.000000,1632,928,0.042256,0.175765,0.419297,0.003906,-653.101013,176.984421,0.000300
205,-9.554402,0.114962,0.013647,0.985938,1702,0.001518,10,1.000000,1674,886,0.019331,0.178844,0.422899,0.000000,-648.588989,194.842300,0.000300
206,-9.555895,0.117877,0.011598,0.991931,1658,0.003120,10,1.000000,1626,934,0.006621,0.240101,0.490001,0.000000,-663.449158,188.604523,0.000300
207,-9.093660,0.128464,0.011194,0.983410,1682,0.003527,10,1.000000,1671,889,0.028619,0.333464,0.578851,0.019531,-670.850220,180.383789,0.000300
208,-8.860963,0.126286,0.012381,0.989380,1701,0.002995,10,1.000000,1644,906,0.027390,0.289822,0.538479,0.011765,-684.445007,170.218307,0.000300
209,-8.382727,0.138040,0.015226,0.990346,1684,0.002447,10,1.000000,1646,914,0.036954,1.020964,1.040481,0.125000,-700.710022,161.372421,0.000300
210,-9.249834,0.122793,0.011356,0.993646,1839,0.003853,10,1.000000,1764,796,-0.001486,0.330575,0.574957,0.000000,-601.317505,241.538498,0.000300
211,-9.187507,0.117064,0.010575,0.993600,1705,0.002809,10,1.000000,1649,911,0.000315,1.672926,1.321716,0.210938,-634.140869,223.320740,0.000300
212,-8.639178,0.125103,0.015005,0.986503,1637,0.001769,10,1.000000,1633,927,-0.001081,0.148714,0.385634,0.000000,-605.834534,236.242706,0.000300
213,-10.235096,0.111493,0.019053,0.986970,1693,0.003314,10,1.000000,1672,888,-0.000650,0.413131,0.642753,0.000000,-621.782898,217.692307,0.000300
214,-10.729654,0.101745,0.010266,0.983748,1666,0.002482,10,1.000000,1640,920,-0.001352,0.211195,0.459760,0.007812,-652.588867,178.488373,0.000300
215,-9.092084,0.126092,0.012529,0.991831,1722,0.003944,10,1.000000,1662,898,0.030210,0.249423,0.499422,0.000000,-662.611206,186.602234,0.000300
216,-10.009462,0.108109,0.016953,0.993376,1727,0.004045,10,1.000000,1689,871,0.025957,0.382262,0.623964,0.023438,-659.555237,190.298126,0.000300
217,-9.371051,0.110607,0.012014,0.983566,1675,0.001909,10,1.000000,1630,930,0.034131,0.792602,0.890500,0.023438,-679.803650,179.612579,0.000300
218,-8.226532,0.141298,0.010310,0.991659,1679,0.004007,10,1.000000,1626,934,0.025316,0.524658,0.727258,0.023438,-626.137085,192.630722,0.000300
219,-9.191563,0.128839,0.008530,0.989539,1681,0.002904,10,1.000000,1670,890,0.014185,0.140041,0.374220,0.000000,-649.449463,194.089355,0.000300
220,-9.253291,0.124804,0.015861,0.987980,1662,0.002127,10,1.000000,1651,909,0.038767,0.326245,0.571179,0.000000,-688.122192,170.433762,0.000300
221,-9.226089,0.122419,0.008388,0.991468,1784,0.003525,10,1.000000,1723,837,0.009975,0.339964,0.583064,0.000000,-628.601196,205.549423,0.000300
222,-9.904307,0.101486,0.011281,0.991910,1669,0.003978,10,1.000000,1637,923,0.020056,0.977945,1.002141,0.078125,-683.672119,190.863663,0.000300
223,-9.888768,0.121935,0.016181,0.992524,1702,0.003246,10,1.000000,1697,863,-0.001503,0.352703,0.593972,0.007812,-646.348450,198.296936,0.000300
224,-8.827045,0.125373,0.008188,0.984935,1741,0.001837,10,1.000000,1695,865,-0.001100,0.099572,0.315550,0.000000,-625.127319,208.264938,0.000300
225,-9.620753,0.104562,0.012086,0.992870,1669,0.001991,10,1.000000,1652,908,0.006826,0.091633,0.302710,0.000000,-654.477356,195.159042,0.000300
226,-8.772987,0.130054,0.011625,0.991070,1695,0.000129,10,1.000000,1660,900,0.000131,0.089958,0.299930,0.000000,-621.174866,204.491837,0.000300
227,-8.504852,0.140378,0.016530,0.990979,1744,0.003424,10,1.000000,1711,839,-0.007383,0.127912,0.357648,0.000000,-599.262329,200.652893,0.000300
